(id, first_name,last_name,title,department,salary,manager)
1,${response.first_name},${response.last_name},${response.title},${response.department},${response.salary},${response.manager}
2,${response.first_name},${response.last_name},${response.title},${response.department},${response.salary},${response.manager}
3,${response.first_name},${response.last_name},${response.title},${response.department},${response.salary},${response.manager}
4,${response.first_name},${response.last_name},${response.title},${response.department},${response.salary},${response.manager}
5,${response.first_name},${response.last_name},${response.title},${response.department},${response.salary},${response.manager}
6,${response.first_name},${response.last_name},${response.title},${response.department},${response.salary},${response.manager}
7,${response.first_name},${response.last_name},${response.title},${response.department},${response.salary},${response.manager}
8,${response.first_name},${response.last_name},${response.title},${response.department},${response.salary},${response.manager}
9,Yasmi,Yang,Salesperson,Sales,75000,Fong Vang
10,Michael,Meyers,Doctor,Health,250000,Fong Vang